"","nr","link","outlet","date","headline","lead","text","article_type","pics","other_elements","tone_trump_c1","tone_trump_c2","tone_trump_c3"
"1",1,"https://www.spiegel.de/ausland/usa-donald-trump-gewinnt-vorwahl-der-republikaner-gegen-nikki-haley-a-8f484c28-69f0-4dd2-8da7-78e07027f43a","spon",2024-02-25,"Donald Trump gewinnt Vorwahl in South Carolina","Der frühere US-Präsident Donald Trump hat Nikki Haley erneut geschlagen: Er ist Sieger der Vorwahl zur Präsidentschaftskandidatur der Republikaner im Bundesstaat South Carolina.","Der frühere US-Präsident Donald Trump hat die Vorwahl zur Präsidentschaftskandidatur der Republikaner im Bundesstaat South Carolina gewonnen. Das berichten die Nachrichtenagenturen AP und Reuters, der Sender CNN und die »New York Times« am Samstagabend (Ortszeit) übereinstimmend unter Berufung auf eigene Prognosen. Demnach kommt Trump nach Auszählung von rund 90 Prozent der Stimmen auf etwa 60 Prozent, Haley auf knapp unter 40 Prozent. South Carolina ist ungefähr so groß wie Österreich und hat mehr als fünf Millionen Einwohnerinnen und Einwohner. Die Vorwahl in South Carolina war die erste Abstimmung in einem Südstaat der USA. Trump hatte schon vor der Wahl in den Umfragen knapp 30 Prozentpunkte vor Haley gelegen.Trump-Unterstützer drängen Haley seit Längerem dazu, aus dem parteiinternen Rennen auszusteigen. Vor der Abstimmung in South Carolina hatte Haley aber noch einmal deutlich gemacht, dass das Rennen noch lange nicht vorbei sei und sie nicht aufgeben wolle. Nun liegt ein besonderes Augenmerk auf dem 5. März, dem sogenannten »Super Tuesday«. An diesem Tag finden in 15 Bundesstaaten gleichzeitig Vorwahlen der Republikaner statt. Wer in den Vereinigten Staaten Präsidentschaftskandidat werden will, muss sich zunächst in parteiinternen Abstimmungen in den verschiedenen Bundesstaaten durchsetzen. Bei den parteiinternen Vorwahlen sind je nach Partei und Bundesstaat unterschiedlich viele Delegiertenstimmen zu vergeben. Wie die Vorwahlen abgehalten werden, unterscheidet sich von Bundesstaat zu Bundesstaat. Demokraten und Republikaner folgen dabei einem jeweils eigenen System. South Carolina ist der Heimatbundesstaat von Trumps Herausforderin Nikki Haley. Die 52-Jährige ist dort geboren und war von 2011 bis 2017 als erste Frau Gouverneurin des Bundesstaates. Sie hatte deshalb auf einen Heimvorteil gehofft. In South Carolina entschieden die Parteianhänger am Samstag klassisch in Wahllokalen über ihren Favoriten. In wenigen anderen Bundesstaaten wird bei kleinen Parteiversammlungen abgestimmt.

Duell zwischen Trump und Biden
Trump hat auch schon die Vorwahlen in Iowa, New Hampshire und Nevada gewonnen. Ein Duell zwischen ihm und dem amtierenden US-Präsidenten, dem Demokraten Joe Biden, gilt nun als wahrscheinlich. Trumps Sieg in Haleys Heimat untermauert einmal mehr seinen Rückhalt bei der Parteibasis. Trotz seiner juristischen Probleme hat er bei seinen Anhängern offensichtlich nicht an Beliebtheit eingebüßt. Es laufen vier strafrechtliche Verfahren gegen ihn, unter anderem wegen seiner Versuche, das Wahlergebnis der Präsidentenwahl 2020 zu kippen, die er gegen Biden verlor. Die Präsidentschaftswahl findet am 5. November statt. Die Republikaner küren ihren Kandidaten auf einem Parteitag Mitte Juli.","agentur",2,1,1,1,1
"2",2,"https://www.spiegel.de/ausland/usa-donald-trump-entscheidet-auch-republikaner-vorwahlen-in-michigan-fuer-sich-a-b70ddd22-4c82-4087-b827-aa3be2f566d8","spon",2024-02-28,"Trump entscheidet auch Republikaner-Vorwahlen in Michigan für sich","Mit Michigan hat Donald Trump einen erneuten Punktsieg bei den Republikanern eingefahren. Doch Konkurrentin Nikki Haley macht ihm weiter Stimmen streitig – und sagt nun, wie lange sie durchhalten will.","Die meisten Konkurrenten im Feld der Republikaner sind bereits ausgeschieden, nur Nikki Haley hält noch durch. Nun hat Ex-Präsident Donald Trump in Michigan erneut gegen seine Konkurrentin gepunktet. Und zwar deutlich: Bei der Vorwahl der Republikaner holte er Prognosen zufolge rund 67 Prozent der Stimmen, wobei die Auszählung noch nicht abgeschlossen war. Bei den Demokraten holte US-Präsident Joe Biden mit rund 80 Prozent der Stimmen nicht ganz eindeutigen Zuspruch. Mit den Vorwahlen in Michigan wird ein erneutes Duell zwischen Trump und Biden bei der Präsidentenwahl am 5. November immer sicherer. Trump liegt in parteiinternen Umfragen bei den Republikanern weit vor Haley und hat bereits bei Vorwahlen in Iowa, New Hampshire und South Carolina klar gegen die ehemalige US-Botschafterin bei den Vereinten Nationen gewonnen, die einst Trumps Außenpolitik auf internationaler Bühne zu vertreten hatte. Bei den Demokraten hat Biden keine ernst zu nehmende Konkurrenz. Die Republikaner küren ihren Kandidaten auf einem Parteitag Mitte Juli, die Demokraten Mitte August. Doch trotz des deutlichen Vorsprungs kann der 77-jährige Trump noch nicht zurücklehnen. Wer in den Vereinigten Staaten Präsidentschaftskandidat werden will, muss sich zunächst in parteiinternen Abstimmungen in den verschiedenen Bundesstaaten durchsetzen. Ein besonderes Augenmerk liegt nun auf dem 5. März, dem sogenannten Super Tuesday. An diesem Tag finden in 15 Bundesstaaten gleichzeitig Vorwahlen der Republikaner statt.

Warten auf den Super Tuesday
Haley hatte am Dienstagabend in einem Interview mit dem Sender CNN deutlich gemacht, mindestens bis zum Super Tuesday im Rennen bleiben zu wollen. Trump hat sich in der Vergangenheit darüber echauffiert, dass die ehemalige Gouverneurin von South Carolina trotz mangelnder Erfolgsaussichten nicht aus dem parteiinternen Rennen aussteigen wollte. Denn solange die 52-Jährige nicht aufgibt, kann er sich nicht ausschließlich auf seinen politischen Gegner Biden konzentrieren. Stattdessen muss Trump weiterhin Geld und Zeit aufwenden, um Wahlkampf gegen Haley zu machen. Auch ohne parteiinterne Konkurrenz wird Trump aber nicht alle Anhängerinnen und Anhänger der Republikaner von sich überzeugen können. Michigan liegt im Norden der USA und zählt rund 10 Millionen Einwohnerinnen und Einwohner. Der industriell geprägte Bundesstaat gilt als sogenannter Swing State, der weder Demokraten noch Republikanern fest zugerechnet werden kann. Viele Bewohner Michigans arbeiten für Autokonzerne oder deren Zulieferer, Gewerkschaften haben eine große Bedeutung. Die einflussreiche Gewerkschaft der Automobilarbeiter (UAW) unterstützt Amtsinhaber Biden. Doch bei der Vorwahl lag das Augenmerk auf einem außenpolitischen Thema, dem Krieg im Gazastreifen. Nur wenige Tausend Stimmen könnten hier entscheiden: Bei der Präsidentenwahl 2020 gewann Biden in dem Bundesstaat mit rund 155.000 Stimmen Vorsprung vor Trump. Die Frage wird sein, wie viele dieser Haley-Anhänger bei der Präsidentenwahl im November am Ende für Trump stimmen werden, falls er antreten sollte. Einige von ihnen schließen nicht aus, sogar Biden zu wählen, um eine zweite Amtszeit Trumps zu verhindern. Dies dürfte zwar nicht für die Mehrheit der Haley-Unterstützer gelten. Aber sollte diese Gruppe nicht zur Wahl gehen oder einen dritten, unabhängigen Kandidaten unterstützen, könnte das zum großen Problem für Trump werden.","agentur",1,1,1,1,1
"3",3,"https://www.spiegel.de/ausland/super-tuesday-in-den-usa-warum-dieser-tag-fuer-die-wahlen-so-wichtig-ist-a-0cdb9613-8e2b-4542-84d7-158197b5eca1","spon",2024-03-05,"Worum geht es beim Super Tuesday wirklich?","Die US-Vorwahlen erstrecken sich über mehrere Monate – aber an einem Tag stimmen 15 Bundesstaaten gleichzeitig ab. Warum der erste Dienstag im März traditionell der wichtigste Termin im Wahlkalender ist.","Schaulaufen für Joe Biden und Donald Trump: Der Super Tuesday ist der wichtigste Termin der US-Vorwahlen. An diesem Dienstag finden in mehr als ein Dutzend Bundesstaaten die Vorwahlen zu den Präsidentschaftswahlen im Herbst statt. Zwar wird an diesem Dienstag respektive Mittwoch deutscher Zeit noch keine endgültige Entscheidung getroffen, doch eine Vorentscheidung zur Frage, wer gegen wen im Herbst antritt, dürfte es schon sein.

Warum ist der Super Tuesday so wichtig?
Der Super Tuesday ist so wichtig, weil ein großer Teil der Vorwahlen in den USA auf diesen Termin fallen. Im Jahr 1988 wurde der Super Tuesday institutionalisiert, damals versuchten konservative Demokraten der Südstaaten mit frühen Sammelvorwahlen einen größeren Einfluss auf die Kandidatur zu erhalten. Mit einem konservativen Kandidaten glaubte man, bessere Chancen gegen die Republikaner zu haben. Seit 1988 nominierten beide Parteien immer jenen Kandidaten, der oder die auch als Gesamtsieger aus dem Super Tuesday hervorging. Dass es Super Tuesday heißt und nicht etwa Super Wednesday oder Super Thursday liegt daran, dass Wahlen in den USA traditionell bevorzugt an Dienstagen stattfinden. Bereits 1845 legte der US-Kongress den Wochentag für die Wahl fest. Der Sonntag etwa wurde aus religiösen Gründen ausgeschlossen, der Montag galt als Reisetag, weil man für den Weg zur Urne eine längere Strecke zurücklegen musste.

Wie funktioniert der Super Tuesday?
Jede Partei hat ihr eigenes Vorwahlverfahren, das sich auch noch von Bundesstaat zu Bundesstaat unterscheiden kann. Es gibt verschiedene Möglichkeiten, wie die Stimmen der Parteimitglieder für die jeweiligen Kandidaten zählen. Es gibt Modelle ähnlich einer Verhältniswahl, aber auch einer Mehrheitswahl – und es gibt hybride Zählmethoden. Ob eine siegreiche Kandidatin alle Delegiertenstimmen erhält oder nur einen der Stimmen entsprechenden Anteil, wird in den jeweiligen Bundesstaaten entschieden. Auch wird in den Bundesstaaten teils unterschiedlich gewählt. Es gibt sogenannte Presidential Preference Primaries, an denen nur registrierte Parteimitglieder teilnehmen dürfen. Und es gibt Presidential Primaries, für die sich alle Wahlberechtigten anmelden können. Andere Staaten bestimmen ihren Favoriten wiederum auf Parteiversammlungen, sogenannten Caucuses. In Alaska etwa verfahren die Republikaner so.

Wo wird am Super Tuesday gewählt?
In diesen 15 Staaten wird an diesem Dienstag gewählt: Alaska, Alabama, Arkansas, Kalifornien, Colorado, Massachusetts, Maine, Minnesota, North Carolina, Oklahoma, Tennessee, Texas, Utah, Virginia, Vermont. Zudem wählen die Demokraten in Amerikanisch-Samoa, außerdem veröffentlichen die Demokraten von Iowa das Ergebnis ihrer Vorwahl. Die Republikaner in Amerikanisch-Samoa wählen am Freitag. Am Ende läuft es darauf hinaus, dass Delegierte bei den Nominierungsparteitagen für ihre jeweiligen Wahlbezirke Stimmen abgeben. Der Nominierungsparteitag der Republikaner findet vom 15. bis 18. Juli in Milwaukee statt. Die Demokraten bestimmen ihren Kandidaten vom 19. bis 22. August in Chicago.

Worum geht es wirklich?
Die beiden Kandidaten stehen im Grunde fest: Bei den Republikanern liegt Donald Trump mit weitem Vorsprung in Führung . Bei den Demokraten gibt es zwar Gegenkandidaten für den amtierenden Präsidenten Joe Biden, aber deren Kandidatur hat eher Kuriositätswert. Der Super Tuesday wird deswegen eher als Stimmungsbild gesehen: Inwiefern stehen die Parteibasen hinter ihren (alt gewordenen) Spitzenmännern? Eine finale Entscheidung wird es am Super Tuesday nicht geben. Zumindest technisch nicht. Trump und Biden benötigen für ihre Kandidatur eine bestimmte Anzahl an Delegierten, das sind gewissermaßen von den Parteien eingesetzte Wahlleute, die Wahlbezirke repräsentieren. Trump benötigt 1215 von 2429 Delegiertenstimmen, bei Biden sind es 1968 von 3934. Beim Super Tuesday werden mehr als 865 republikanische Delegierte bestimmt sowie 1420 demokratische.

Was ist mit Nikki Haley?
Dieser Super Tuesday gilt als letzte Chance für Nikki Haley. Die Traditionsrepublikanerin tritt parteiintern gegen Trump an und viele Beobachter fragen sich, warum sie das eigentlich noch tut . Die ehemalige Uno-Botschafterin hat bisher zwar nur die Vorwahl in Washington, D.C., gewonnen und liegt sowohl bei den bisher verteilten Delegiertenstimmen als auch in den Umfragen weit hinter Trump. Dennoch zog sich Haley bisher nicht von ihrer Kandidatur zurück, das hatten die anderen beiden Herausforderer Ron DeSantis und Vivek Ramaswamy bereits früh getan. Möglicherweise spekuliert Haley auf eine Verurteilung Trumps, die seine Präsidentschaftskandidatur beeinflussen könnte. In diesem Fall würde sie als verbliebene Kandidatin übernehmen. Dass dies geschieht, ist jedoch unwahrscheinlich. Der Supreme Court verschob eine Entscheidung in der Frage, ob Trump Immunität vor Strafverfolgung hat, bis mindestens in den Herbst. Also vielleicht sogar bis nach der Präsidentschaftswahl. Am Montag entschied der Supreme Court bereits in anderer Sache im Sinne Trumps: Colorado strich Trump wegen des Kapitolsturms von den Vorwahlzetteln, der Oberste Gerichtshof befand das jedoch für nicht zulässig. Trump darf demnach auch in Colorado antreten .

Wenn klar scheint, dass Trump und Biden gewinnen: Warum ist der Super Tuesday interessant?
Was Haley jedoch geschafft hat: Trumps Schwächen aufzuzeigen. Dass Donald Trump als Gewinner aus dem Super Tuesday hervorgehen wird, scheint klar. Wichtig wird jedoch, wie stark die Unterstützung für ihn tatsächlich sein wird. Obwohl Haley die bisherigen Vorwahlen größtenteils verlor, vereinte sie dabei mancherorts ein Drittel der Stimmen auf sich. Und diese Wählergruppe, gebildete Bürgerinnen und Bürger in Vororten, denen Trump zu radikal ist, könnte aus Abneigung gegenüber Trump der Wahl fernbleiben oder sogar demokratisch wählen. Der Superdienstag wird zeigen, ob sich dieser Trend fortsetzt. Und auch beim Amtsinhaber Joe Biden könnte der Wahlausgang trotz nahezu sicheren Siegs interessant werden: Schon bei der Vorwahl in Michigan  stimmten mehr als 100.000 lieber »uncommited« (also neutral, ungebunden), als ihr Kreuz beim Amtsinhaber zu machen – und gewannen damit zwei Delegierte. Das Stimmverhalten wurde als Denkzettel gegenüber Bidens israelfreundlicher Nahostpolitik interpretiert, in Michigan gibt es einen bedeutenden arabischstämmigen und muslimischen Bevölkerungsanteil. Zudem wird auch in der Demokratischen Partei wieder die Kritik laut, Biden sei mit 81 zu alt für eine weitere Kandidatur. Gegenstimmen am Super Tuesday könnten die Diskussion, ob er nicht lieber durch einen anderen Kandidaten oder eine andere Kandidatin ersetzt werden sollte , neu aufflammen lassen.

Wann ist mit Ergebnissen zu rechnen?
Die Abstimmung findet in sechs Zeitzonen statt, in einigen Staaten gibt es sogar Briefwahl. So könnten endgültige Ergebnisse ein paar Tage auf sich warten lassen, Tendenzen gibt es allerdings schon vorher zu sehen. Und knapp dürfte es sowieso nicht werden. Der SPIEGEL berichtet in der Nacht auf Mittwoch und darüber hinaus live über den Super Tuesday.","normal",4,0,1,1,1
"4",4,"https://www.spiegel.de/ausland/nikki-haley-republikanerin-gewinnt-vor-donald-trump-vorwahl-in-vermont-a-77e5153a-146c-48ba-8b12-32257c9dec3f","spon",2024-03-06,"Achtungserfolg gegen Trump – Haley setzt sich in Vermont durch","Ein symbolischer Erfolg, der aber nichts an der eindeutigen Dominanz von Ex-Präsident Trump in dem Rennen ändert: Die frühere Uno-Botschafterin Nikki Haley hat sich beim Super Tuesday im US-Bundesstaat Vermont durchgesetzt.","Bei den Vorwahlen der US-Republikaner hat die Präsidentschaftsbewerberin Nikki Haley einen überraschenden Achtungserfolg im Bundesstaat Vermont erzielt. Die innerparteiliche Rivalin von Ex-Präsident Donald Trump gewann beim sogenannten Super Tuesday den Bundesstaat im Nordosten der USA, wie US-Medien berichteten. Die frühere Botschafterin bei den Vereinten Nationen lag nach Auszählung fast aller Stimmen bei rund 50 Prozent, Trump kam demnach auf knapp 46 Prozent. Die Ex-Gouverneurin des Bundesstaates South Carolina verhinderte damit, dass Trump in allen 15 Bundesstaaten gewinnt, in denen am Super Tuesday gewählt wurde. Sie hatte sich in Vermont ein Kopf-an-Kopf-Rennen mit Trump geliefert. Die großen US-Sender riefen sie erst Stunden nach Schließung der Wahllokale zur Siegerin aus.

Siegesserie von Trump
Allerdings dürfte dieser Erfolg – Haleys zweiter Vorwahlsieg nach jenem im Hauptstadtbezirk Washington, D.C. am Sonntag – eher symbolischer Natur sein. Bei den Vorwahlen am »Super-Dienstag« gewann Trump in mindestens zwölf der 15 Bundesstaaten. Es gilt damit als nahezu sicher, dass der 77-Jährige das Präsidentschaftsrennen der Republikaner gewinnen und bei der Präsidentschaftswahl am 5. November Amtsinhaber Joe Biden herausfordern wird. Der 77-Jährige hat trotz diverser Skandale, Eskapaden und einer chaotischen Amtszeit als Präsident großen Rückhalt in der Parteibasis. Auch große juristische Probleme im Wahljahr – vier Anklagen in Strafverfahren und empfindliche Schadenersatzzahlungen in Zivilverfahren – haben Trump bislang politisch nicht geschadet.

Haleys Wahlkampfteam reagiert zurückhaltend
Nach der Siegesserie von Trump reagierte das Wahlkampfteam von Haley nüchtern. Man fühle sich »geehrt«, die »Unterstützung von Millionen von Amerikanern im ganzen Land erhalten zu haben, auch in Vermont«, teilte die Sprecherin des Wahlkampfteams, Olivia Perez-Cubas, in der Nacht zum Mittwoch mit. In jedem Bundesstaat gebe es nach wie vor eine große Anzahl an republikanischen Wählern, die ihre »tiefe Besorgnis über Donald Trump« zum Ausdruck brächten. Dies sei nicht die Einigkeit, die die Partei für ihren Erfolg brauche. Haley selbst äußerte sich nach dem wichtigen Vorwahltag zunächst nicht. Unklar war, ob sie nach dem Super Tuesday im Rennen bleiben wird – oder das Handtuch wirft. Die 52-Jährige hat eigentlich keine realistische Chance, die Vorwahlen der Republikaner zu gewinnen. Unterstützer des Ex-Präsidenten appellieren schon seit Wochen an die 52-Jährige, sie solle aufgeben und den Weg frei machen für Trump.","agentur",1,0,1,0,1
"5",5,"https://www.spiegel.de/ausland/donald-trump-beim-super-tuesday-der-us-vorwahlen-triumph-mit-schoenheitsfehler-a-1857ee90-0930-4ae9-9e49-05853bfa5dcd","spon",2024-03-06,"Der Triumphator von Palm Beach","In seinem Strandklub in Florida lässt sich Donald Trump für seine Siegesserie am Super Tuesday feiern und umjubeln. Auf diesen Tag hat der Ex-Präsident drei Jahre lang gewartet. Marschiert er nun durch ins Weiße Haus?","»Ladies aaand Gentlemen, please welcome the next President of the United States«, ruft der Moderator in den großen Saal des Mar-a-Lago Club: »President Donald J. Trump«. Der ältere Herr im dunklen Anzug mit dem orangefarbenen Make-up im Gesicht ballt einmal, zweimal die Faust, dann schreitet er hoch zur Bühne. Lässt sich von den von seinen eigenen Leuten verlesenen Gästen in seinem eigenen Strandklub bejubeln. Klatscht noch mal selbst mit, während seine Sicherheitsleute die Fotografen vom Podium scheuchen. Und dann steht er allein ganz oben am Rednerpult. »Sie nennen es Super Tuesday aus gutem Grund«, sagt Trump. »Das war ein einmaliger Tag, ein unglaublicher Moment in der Geschichte unseres Landes.« Und nach ein paar harten Attacken auf Joe Biden und Migranten schwärmt er: »Dies war ein Tag, auf den wir gewartet haben.« Vor allem er selbst hat auf diesen Tag gewartet: Seit seinem unrühmlichen Abgang aus dem Weißen Haus am 20. Januar 2021, den er nach seiner Wahlniederlage gegen Biden mit allen möglichen Manövern zu verhindern versucht hatte.

Comeback eines Politrentners

Viele schrieben Trump damals als Politrentner ab – erst recht, als eine Reihe Anklagen gegen ihn erhoben wurden, unter anderem wegen des Sturms seiner Fans auf das Kapitol zwei Wochen zuvor. Jüngeren Demagogen, allen voran Floridas Gouverneur Ron DeSantis, schien die Zukunft als Spitzenleute der republikanischen Partei zu gehören.

Doch an diesem Super Tuesday, an dem Menschen in 15 von 50 Bundesstaaten ihren republikanischen Präsidentschaftskandidaten wählen, triumphiert bei den Roten nur einer: der 77-jährige Ex-Präsident. Virginia, North Carolina, Tennessee. Oklahoma, Maine, Alabama. Massachusetts, Texas und, und, und. Einen Bundesstaat nach dem nächsten räumt Trump ab. Damit steht er so gut wie im Finale.

Der einst so hoch gehandelte DeSantis hat schon vor Wochen das Feld geräumt. Und Nikki Haley, Trumps letzte verbliebene Kontrahentin, kann sich lediglich im kleinen, traditionell liberalen Vermont behaupten. Sie verzichtet in dieser Wahlnacht auf jeden öffentlichen Auftritt; gut möglich, dass sie bald auch zurückzieht. Trump erwähnt in seiner Siegesrede nicht einmal ihren Namen.

Es läuft für ihn.

Gerade hat der Supreme Court der USA den Beschluss des Obersten Gerichtshofs des Bundesstaats Colorado einkassiert, Trump im November wegen seiner Rolle beim Kapitolsturm von den Wahlzetteln zu streichen. Zudem wollen die teils einst von Trump selbst ernannten Supreme-Court-Richter klären lassen, ob der Ex-Präsident Immunität vor Strafverfolgung genießt. Dadurch wird sich ein Hauptprozess gegen ihn zumindest verzögern; auch andere Verfahren ziehen sich hin wie Kaugummi.

Und selbst wenn sie starten sollten, hat die Erfahrung der vergangenen Monate gezeigt: Diese Prozesse festigen eher die Bindung der Trump-Jünger an ihren Helden, lassen sie noch inniger an eine Verschwörung finsterer Mächte glauben.

Kein US-Politiker hat solche Hardcore-Fans wie Trump. Dies zeigte sich bei einem seiner Auftritte Mitte Februar in einem Flugzeughangar nördlich von Detroit – als sich die Anhängerschaft trotz minus fünf Grad Celsius und eisigen Westwinds teilweise fast drei Stunden vor dem Einlass anstellte. Und als Trump schließlich beim Landeanflug in seinem Privatjet quer über die Warteschlange einschwebte, jubelten Hunderte Getreue ihrem Anführer von unten zu.
Trump erscheint dynamischer und agiler als Biden

In vielen landesweiten Meinungsumfragen liegt Trump deutlich vor Biden: zuletzt etwa mit 48 zu 43 Prozent in einer Erhebung für die »New York Times«. Wichtiger noch: Auch in wahlentscheidenden Swing States wie Michigan, Georgia oder Nevada hat er einen mehr oder weniger klaren Vorsprung. Und während 73 Prozent der US-Bürgerinnen und -Bürger den 81-jährigen Biden für zu alt für das Präsidentenamt halten, sagen dies über Trump »nur« 42 Prozent.



Dabei ist er gerade mal vier Jahre jünger, und er leistet sich ähnlich spektakuläre Aussetzer wie sein Kontrahent – etwa kürzlich, als er Biden mit Barack Obama verwechselte. Aber Trump erscheint dynamischer und agiler als Biden: insbesondere dann, wenn er am Rednerpult seinem Hass freien Lauf lässt. Wie in seiner Siegesrede in Palm Beach, als er behauptete: »Unsere Städte sind von Migrantenkriminalität überrannt worden, und das ist Biden-Migrantenkriminalität.« Tatsächlich zeigen wissenschaftliche Studien, dass Einwanderinnen und Einwanderer ohne Papiere weniger gewalttätig sind als US-Amerikaner.

An diesem Super Tuesday sieht manches so aus, als werde Trump ins Weiße Haus durchmarschieren. Aber noch sind es genau acht Monate bis zum alles entscheidenden Tag: dem 5. November.

Nikki Haley war nie eine ernsthafte Konkurrentin für Trump. Sie ist keine Option für die eingefleischten republikanischen Wähler, die sich größtenteils auf Trump eingeschworen haben. Aber Biden ist ein anderes Kaliber – so tatterig der älteste Präsident in der Geschichte der Vereinigten Staaten manchmal erscheinen mag. Am 5. November werden alle möglichen US-Bürgerinnen und -Bürger mit höchst diversen Meinungen und Lebensphilosophien wählen gehen. Und abseits der konservativen republikanischen Kernwählerschaft hat Trump kaum Herzen und Köpfe erobert.

Selbst in Palm Beach hält sich die Begeisterung abseits von Mar-a-Lago in Grenzen. Auf der Worth Avenue, zwei Meilen von Trumps Hauptquartier entfernt, sind weit und breit keine Trump-Fans zu sehen, läuft kein Fernseher mit Wahlticker. Die Reichen und Schönen der Insel machen das, was sie so ziemlich jeden Abend machen: Sie gehen essen, trinken, Zigarren rauchen, der Super Tuesday ist allenfalls am Rande ein Gesprächsthema.

Und auch auf der Brücke bei Mar-a-Lago, wo sich bei solchen Gelegenheiten früher öfter mal Trump-Gläubige in Scharen versammelten, stehen heute nur ein paar Angler und ein kiffendes Pärchen.



Bei den drei wichtigsten Wahlen der vergangenen sechs Jahre haben Trump und die Republikaner jedes Mal enttäuscht. Zunächst eroberten die Demokraten 2018 bei den Kongresswahlen die Mehrheit im Repräsentantenhaus. 2020 triumphierte dann Biden über Trump, sicherte sich seine Partei die Mehrheit im Senat. Und schließlich gelang es den Republikanern 2022 bei den Midterms entgegen ihrer Erwartungen, nur das Repräsentantenhaus zurückzugewinnen, nicht aber den Senat.

Jedes Mal hatten Trumps Republikaner das gleiche Problem: Sie schafften es nicht, ausreichend Wechselwähler und vor allem Wechselwählerinnen für sich einzunehmen. Und jedes Mal lag das maßgeblich an ihrem Spitzenmann.

Keine Frage: Trump zieht viele Menschen an. Aber Trump stößt auch viele Menschen ab – mit seiner Angeberei, seiner chaotischen ersten Präsidentschaft, seinen extremistischen Positionen, Ignoranz und Hassrhetorik: etwa wenn er behauptet, Migranten würden »das Blut unseres Landes vergiften«. Und so gelang es Biden und den Demokraten gerade in den besonders umkämpften Swing-State-Metropolen wie Las Vegas oder Phoenix, Milwaukee oder Detroit, Philadelphia oder Atlanta, scharenweise unabhängige Wählerinnen und Wähler zu mobilisieren: oft nicht für sie selbst, sondern gegen Trump.
Die demokratische Wahlkampfmaschine ist noch nicht warmgelaufen

»Viele politisch nicht so interessierte Menschen machen sich jetzt noch keine Gedanken über die Wahlen im November«, sagt Rebecca Gill, Politikwissenschaftlerin an der University of Nevada. »Aber wenn die Wahlen nahe rücken, werden sie wieder mit Trump konfrontiert werden. Und sie werden sich erinnern, was ihnen an ihm missfallen hat in seiner Zeit als Präsident.«

Zudem sei die Wahlkampfmaschine der Demokraten noch gar richtig nicht warmgelaufen, sagt Gill. 2020 etwa machte eine breite Koalition aus Gewerkschaften, ethnischen Minderheiten- und anderen Interessengruppen für Biden mobil. Sie schickten ihre Freiwilligen von Tür zu Tür, starteten Social-Media- und Telefonkampagnen, überzeugten Zögernde, wählen zu gehen. Halfen Bürgerinnen und Bürgern, sich für die Wahl zu registrieren. Am Ende votierten 81 Millionen Menschen für Biden: 15 Millionen mehr als für Hillary Clinton 2016. Und so konnte Biden Trump bezwingen.



Auch diesmal haben einige dieser Gruppen ihre Unterstützung für den Demokraten erklärt: ob Autoarbeiter in Michigan, Casinoangestellte in Nevada oder Abtreibungsbefürworter in Wisconsin. Die entscheidenden Fragen sind: Wie motiviert werden die Aktivistinnen und Aktivisten ins Feld ziehen? Wie gut lassen sich diesmal die Wechselwähler und politisch Desinteressierten mobilisieren, nach vier Jahren Biden? Und wie viele sogenannte Double Haters werden für den von ihnen ungeliebten Präsidenten votieren, nur um den noch verhassteren Trump zu verhindern?

Trump poltert seit Monaten gegen Biden – und Biden nun auch verstärkt gegen Trump. »Machen wir weiter Fortschritte«, fragte der Präsident am Super Tuesday, »oder erlauben wir es Donald Trump, uns zurück in das Chaos, die Spaltung und die Dunkelheit zu ziehen, die seine Zeit im Amt bestimmt haben?«

Den USA steht ein Duell der Greise bevor – zweier Männer, die einander geringschätzen und keinen Hehl daraus machen. Wie schmutzig der Wahlkampf wird, zeigt eine SMS, die Trump in der Wahlnacht an seine Getreuen verschickt. Sie lautet: »SIEG IST UNSERE ULTIMATIVE RACHE.«","normal",1,1,2,2,2
"6",6,"https://www.zeit.de/politik/ausland/2024-03/donald-trump-usa-vorwahlen-praesidentschaftskandidat-republikaner","zon",2024-03-13,"Auch Trump sichert sich Deligiertenzahl für Präsidentschaftskandidatur","Joe Biden und Donald Trump haben weitere Vorwahlen ihrer Parteien gewonnen. Den USA steht damit die erste Neuauflage desselben Duells seit 70 Jahren bevor.","US-Präsident Joe Biden und sein Vorgänger Donald Trump treten bei der Wahl im November erneut gegeneinander an. Die Wiederholung des Duells von 2020 steht nach weiteren Siegen bei Vorwahlen der beiden Politiker faktisch fest. Sowohl Biden als auch Trump sicherten sich bei den jüngsten Vorwahlen in mehreren US-Bundesstaaten ausreichend Delegiertenstimmen, um bei den jeweiligen Parteitagen im Sommer als Kandidaten für die Präsidentschaftswahl nominiert zu werden. Dies gilt als reine Formsache.

Trotz Bedenken wegen seines Alters gab es in der Demokratischen Partei keine ernst zu nehmenden Herausforderer für den 81-jährigen Biden. Trump wiederum setzte sich problemlos gegen eine ganze Reihe von Herausforderern durch. Nach dem sogenannten Super Tuesday mit Vorwahlen in einem Dutzend Staaten gab seine letzte verbliebene Gegnerin, die ehemalige UN-Botschafterin Nikki Haley, auf. Unangefochten trat er nun bei den Vorwahlen in Georgia, Washington, Mississippi und Hawaii an. Die Demokraten wählten ebenfalls in Georgia, Washington und Mississippi und schlossen ihre Vorwahlen im US-Außengebiet der Nördlichen Marianen und unter Demokraten im Ausland ab. Es ist das erste Mal seit den Jahren 1952 und 1956, dass dieselben Kandidaten bei zwei aufeinanderfolgenden US-Wahlen gegeneinander antreten. Damals hatte der Republikaner Dwight D. Eisenhower zweimal den Demokraten Adlai Stevenson besiegt.

Bis zur Wahl in diesem November sind es noch acht Monate, in denen sich die Polarisierung in den USA weiter vertiefen und der Wahlkampf heftiger werden dürften. Biden und Trump hatten sich schon in den vergangenen Tagen und Wochen immer intensiver verbal attackiert. Biden bezeichnete Trump immer wieder als Gefahr für die US-Demokratie. Der Republikaner selbst bezeichnet sich als Ziel angeblicher politischer Verfolgung durch die Justiz. 

Trump ist in insgesamt vier strafrechtlichen Prozessen in 91 Punkten angeklagt. Es geht unter anderem um mutmaßliche Versuche, das Ergebnis der Wahl von 2020 zu kippen, sowie um seinen Umgang mit vertraulichen Dokumenten aus seiner Regierungszeit, die er aus dem Weißen Haus mitgenommen hatte. Im Bundesstaat Georgia etwa soll Trump den Wahlbeauftragten damals aufgefordert haben, ""11.780 Stimmen zu finden"", um seine Niederlage gegen Biden in einen Sieg umzukehren.     
Zweifel an Bidens Fitness und Wut über Gaza-Krieg

Bidens größte Aufgabe besteht darin, der Wählerschaft den Eindruck zu vermitteln, dass er physisch und mental noch in der Lage ist, das höchste Staatsamt auszuüben. Am Ende einer möglichen zweiten Amtszeit wäre Biden 86 Jahre alt.

Zusätzlich hat der Demokrat mit Kritik aus dem linken Flügel der Partei zu seiner Nahostpolitik zu kämpfen. Vor allem viele jüngere Mitglieder der Demokratischen Partei sind der Ansicht, die USA müssten viel mehr tun, um den israelischen Militäreinsatz im Gazastreifen zu stoppen. 

Vor US-Präsidentschaftswahlen müssen sich die Kandidatinnen und Kandidaten in parteiinternen Vorwahlen durchsetzen, den sogenannten Primaries und Caucuses. In jedem Bundesstaat wird eine bestimmte Anzahl an Delegierten vergeben, die dann bei den Parteitagen der Demokraten und Republikaner im Sommer formal den jeweiligen Präsidentschaftskandidaten küren. Bei den Republikanern sind 1.215 Delegiertenstimmen nötig, um als Kandidat nominiert zu werden, bei den Demokraten sind es 1.968.","agentur",0,1,1,1,1
"7",7,"https://www.zeit.de/politik/ausland/2024-03/usa-vorwahlen-super-tuesday-donald-trump-joe-biden","zon",2024-03-06,"Die Fortsetzung, die Amerika nicht wollte","Wie erwartet heißen die Sieger des Super Tuesday Joe Biden und Donald Trump. Aber das Rennen um das Weiße Haus könnte schwerer werden als angenommen – für beide.","Wäre der US-Wahlkampf eine Serie, befänden wir uns jetzt in Staffel zwei, Episode eins. Die Hauptdarsteller sind dieselben wie in der ersten Staffel: Joe Biden und Donald Trump, die klaren Sieger des Super Tuesday. Das war nicht anders zu erwarten; beide Bewerber haben die Vorwahlen ihrer jeweiligen Partei von Anfang an so stark dominiert, dass von Wahlen eigentlich nicht die Rede sein konnte. Dass Nikki Haley bei den Republikanern in Vermont gewann, ist deshalb nicht mehr als ein Achtungserfolg.

Dieser Dienstag markierte das Ende des Vorwahlkampfs. Mit dem Mittwoch beginnt der eigentliche Wahlkampf. Die zweite Staffel jener Serie, die die USA schon aus dem Jahr 2020 kennen – mit einer ganz ähnlichen Handlung: dem Kampf zwischen Biden und Trump, zwischen demokratischen Werten und deren Verächtlichmachung, zwischen allesumarmender Einigkeit und spalterischer Wut.

Vorausgesetzt, es passiert nicht noch etwas Bahnbrechendes – einer von beiden erkrankt oder stirbt, Biden zieht wider Erwarten zurück oder wird gar in einer Kampfkandidatur herausgefordert, Trumps Unterstützer wenden sich entgegen jeglicher Erfahrung plötzlich von ihm ab und Nikki Haley gewinnt alle noch übrigen Delegierten – werden bei der Präsidentschaftswahl 2024 also diese beiden gegeneinander antreten. Ein 81-Jähriger und ein 77-Jähriger, von denen keiner eine Mehrheit der US-Amerikaner hinter sich bringen kann, geschweige denn sie begeistern. Eine Mehrheit der US-Amerikaner hätte sich diese Neuauflage klar nicht gewünscht und bekommt sie nun doch. 

Haley entblößt Trump
Die Vorwahlen – sozusagen der Pilotfilm – hatten bestürzend wenig Spannung in sich, weil sie ohnehin längst entschieden schienen. Dafür wird es ab jetzt umso spannender. Um nicht zu sagen nervenzerfetzend.
Auf die Nebendarsteller kommt es an, jetzt umso mehr, auch wenn es paradox klingt. Haley muss erkennen: Den Zweikampf mit Trump, den sie unbedingt hatte haben wollen, verliert sie. Zwar hat auch sie am Super Tuesday mindestens 19 Delegierte gewonnen. Und sie bekam in allen Staaten eine zweistellige Prozentzahl der Stimmen. Allerdings bringt ihr das nichts in einem Vorwahlsystem, das nur Winner und Loser kennt. Im November dürften diese Stimmen umso wichtiger werden.

Haley hat einmal mehr gezeigt, dass Trump nicht den uneingeschränkten Support genießt, den er für sich beansprucht. Sie entblößt ihn, zeigt seine Schwächen auf – bei moderaten Republikanern, bei Frauen und bei allen, die ein Problem damit haben, für einen Mann zu stimmen, der einerseits wegen schwerer Vergehen vor Gericht steht, Millionen an Schadensersatzforderungen zahlen muss und durch den außerdem die Demokratie so massiv bedroht ist wie nie.
Wie ernst ist es den Haley-Wählern mit ihrer Trump-Opposition?

Die Frage ist also nicht länger, wie viele Wähler Haley gegenüber Trump bevorzugen, denn die Antwort darauf hat dieser Super Tuesday gegeben: nicht genug. Entscheidend wird sein, wie ernst es diesen Wählern mit ihrer Opposition ist. Wie viele von ihnen für Biden stimmen werden, um Trump zu verhindern. Wie viele gar nicht zur Wahl gehen, weil sie es nicht über sich bringen, einen Demokraten zu wählen. Und wie viele Haley zwar lieber gehabt hätten als Trump, aber sich mit ihm arrangieren können.

Darauf – auf die Präsidentschaftswahl, nicht mehr auf die Vorwahlen – kann Haley noch Einfluss nehmen. Sicher wird sie nicht plötzlich zu den Demokraten überlaufen. Aber so, wie sie ihre Kritik an Trump in den vergangenen Monaten immer weiter verschärft hat, nimmt sie fast die Rolle ein, die viele ursprünglich bei der ehemaligen republikanischen Abgeordneten Liz Cheney gesehen hatten: Ohne Aussichten auf einen Wahlsieg gegen Trump, aber entschlossen, möglichst viele der noch nicht an ihn verlorenen Republikanern wachzurütteln. Um diese dann – ob nun explizit oder nicht – dazu zu bringen, Biden zu wählen.

Damit würde Haley natürlich ein Opfer bringen. Denn ihre Chancen auf eine erneute Kandidatur 2028 wären dann wohl dahin, so groß wie der harte Kern der Trump-Unterstützer ist und wohl noch eine ganze Weile bleiben wird. Gut möglich also, dass sie sich anders entscheidet, dass sie sich dem Druck beugt, auszusteigen und die Partei hinter Trump zu vereinen oder sich zumindest ambivalent zu verhalten. Nur entscheiden muss sie sich bald.
Trump braucht Geld

Für Trump ist Haleys Persistenz ebenso ein Warnzeichen wie der ganz grundsätzliche Umstand, dass er zwar durchmarschiert auf dem Weg zur Nominierung, aber mit weniger Stimmen und Schwung als erwartet. Er muss sich über seine Finanzen Gedanken machen, zumal die Zahlungen in den New Yorker Schmerzensgeldprozessen in voller Höhe fällig werden. Ein Angebot Trumps, vorerst nur 100 Millionen Dollar anzuzahlen, lehnte ein Richter ab; stattdessen muss er die vollen 454 Millionen Dollar auftreiben. Für seinen Wahlkampf braucht er umso zahlungskräftigere Spender, und so überrascht es nicht, dass er sich laut US-Medienberichten in dieser Woche mit X-Besitzer Elon Musk getroffen haben soll, einem der reichsten Männer der Welt.

Auch für Joe Biden wird es schwerer als gedacht. Er hat laut dem Parteikonsens der Demokraten bei dieser Vorwahl eigentlich gar keine Gegner. Dean Phillips und Marianne Williamson, die sich an diese Übereinkunft nicht hielten und Biden herausfordern, werden ihm zwar nicht gefährlich, sie standen gar nicht überall auf dem Wahlzettel. Stattdessen sieht Biden sich auch am Super Tuesday erneut mit einem namenlosen Rivalen konfrontiert. ""Uncommitted"" heißt dieser Nebendarsteller bei den Demokraten, er holte in Minnesota 19 Prozent und in Colorado acht. In North Carolina heißt er ""no preference"" und gewann zwölf Prozent, in Massachusetts waren es neun.

Beides heißt so viel wie ""nicht festgelegt"". In Michigan hatten in der vergangenen Woche verschiedene Organisationen dazu aufgerufen, ein solches Protestvotum gegen Biden wegen dessen Nahostpolitik abzugeben; Zehntausende Wähler folgten dem Aufruf. Dass in anderen Staaten nun ähnliches passierte, zeigt Biden und den Demokraten nicht nur, dass sich der Krieg in Gaza nicht aus seinem Wahlkampf heraushalten lässt. Es führt ihnen auch vor Augen, dass sie nicht damit rechnen können, dass diese enttäuschten Wählerinnen und Wähler bedingungslos für sie einstehen werden. Und das könnte Biden den Sieg kosten.

Staffel zwei hat also etwas von einem True Crime-Format. Wer hat Biden abgeschworen und wer tut nur so, um ihm eine Protestnote zu schicken? Wer sind echte Trump-Gegner und wer ist es nur bei Schönwetter? Was führt Nikki Haley im Schilde? Und: Wer triumphiert im Staffelfinale?

Es ist das Sequel, das Amerika nicht wollte. Aber es geht auf Sendung, auf allen Kanälen. Ab jetzt.","normal",1,1,1,1,1
"8",8,"https://www.zeit.de/politik/ausland/2024-02/us-wahl-donald-trump-joe-biden-vorwahl-michigan","zon",2024-02-28,"Dämpfer für Joe Biden bei der Vorwahl in Michigan","Der US-Präsident sieht sich bei der Vorwahl der Demokraten mit Protestwählern konfrontiert. Bei den Republikanern setzt sich auch in Michigan Donald Trump durch.","Der frühere US-Präsident Donald Trump hat US-Medien zufolge die Vorwahl der Republikaner im Bundesstaat Michigan gewonnen. Er setzt damit seine Siegesserie gegen die letzte verbliebene republikanische Mitbewerberin Nikki Haley fort, wie die Nachrichtenagentur AP und der Sender NBC berichteten. Er kam nach Auszählung eines Großteils der Stimmen auf 67 Prozent und lag damit 40 Prozentpunkte vor Haley.

Die frühere US-Botschafterin bei den Vereinten Nationen hatte bereits bei den Vorwahlen in Iowa, New Hampshire und am vergangenen Wochenende in South Carolina gegen Trump verloren. Die 52-Jährige gilt als politisch und rhetorisch etwas gemäßigter als ihr Konkurrent. Offen ist, wie lange sie noch im Rennen um die Kandidatur bleiben wird, da ihr faktisch keine Chancen mehr eingeräumt werden, Trump zu schlagen. Der 77-Jährige hat großen Rückhalt in der Parteibasis.

Aktivisten sehen Protestwahl gegen Bidens Israel-Politik
Aufseiten der Demokraten gewann wie erwartet US-Präsident Joe Biden den Berichten zufolge gegen seinen Herausforderer Dean Phillips, der Mitglied des US-Repräsentantenhauses ist. Allerdings kam er nach Auszählung der Hälfte der Stimmen in Michigan nur auf rund 81 Prozent, nachdem Zehntausende Wählerinnen und Wähler ""uncommitted"" (deutsch: ""neutral"") angekreuzt hatten.

""Präsident Biden finanziert die Bomben, die auf die Familienangehörigen von Menschen hier in Michigan gefallen sind – Menschen, die für ihn gestimmt haben und die sich nun völlig verraten fühlen"", sagte die Listen-to-Michigan-Aktivistin Layla Elabed. Der Protest solle die unmissverständliche Botschaft senden, dass die Finanzierung und Unterstützung des Krieges ""im Widerspruch zu den Werten der Demokratischen Partei steht"".

Sie sei stolz darauf, an diesem Tag mit ""uncommitted"" abgestimmt zu haben, sagte Rashida Tlaib, die einzige Kongressabgeordnete mit palästinensischen Wurzeln. ""Wenn 74 Prozent der Demokraten in Michigan einen Waffenstillstand unterstützen, Präsident Biden uns aber nicht zuhört, dann können wir auf diese Weise unsere Demokratie nutzen, um zu sagen: 'Hört zu – hört auf Michigan'"", sagte sie.","agentur",0,2,2,2,2
"9",9,"https://www.zeit.de/politik/ausland/2024-03/super-tuesday-us-vorwahlen-joe-biden-donald-trump-praesident/komplettansicht","zon",2024-03-05,"Eine Fassade der Demokratie","Die Vorwahlen in den USA hätte man sich sparen können. Längst ist klar, dass Joe Biden gegen Donald Trump antritt – schon wieder. Wie konnte es dazu kommen?","Die Vereinigten Staaten haben rund 336 Millionen Einwohner. Und es werden immer mehr. Alle neun Sekunden wird ein Kind geboren, alle zehn Sekunden stirbt ein Mensch, alle 28 Sekunden wandert jemand ein. Macht einen Nettobevölkerungszuwachs um eine Person alle 22 Sekunden. Das Durchschnittsalter dieser Bevölkerung liegt bei 38,9 Jahren und sie besteht zu 50,4 Prozent aus Frauen.

Warum also ausgerechnet Joe Biden und Donald Trump? Zwei alte Männer, die weder repräsentativ noch mehrheitsfähig sind. Eine Wahl, die die meisten Wähler nicht wollen. Und die ihnen nun doch auferlegt wird.

An diesem Dienstag ist Super Tuesday. 15 Bundesstaaten halten gleichzeitig Vorwahlen ab. Bei Republikanern und Demokraten sind jeweils ein Drittel der Parteitagsdelegierten zu holen, die es für die Nominierung als Kandidat braucht. Üblicherweise ist es einer der spannendsten Tage in jedem Präsidentschaftswahlkampf. Er trennt Favoriten von Wannabes und sortiert Wahlkampfkassen neu, er schrumpft das Bewerberfeld auf wenige Finalisten zusammen.

Die Vorwahlen nehmen bei US-amerikanischen Wahlen viel Raum ein. Wirklich repräsentativ sind sie nicht: Letztlich bestimmt nur ein kleiner Teil der Wählerschaft über die Präsidentschaftskandidaten. In jedem Staat ist anders geregelt, wer teilnehmen darf – ob etwa auch unabhängige Wähler zugelassen sind – und wie abgestimmt wird. Das Duo, das dann im November zur Wahl steht, ist das Ergebnis eines für die älteste und stolzeste Demokratie der Welt erstaunlich undemokratischen Prozesses. 

Die Vorwahlen werden zur Fassade

In diesem Jahr gilt das noch viel mehr als sonst. Denn längst ist klar, worauf es hinausläuft: Joe Biden für die Demokraten. Donald Trump für die Republikaner. Biden gegen Trump, Trump gegen Biden – schon wieder. Dieselbe Konstellation wie 2020. 

Sicher: Rein theoretisch kann noch einiges passieren. Bislang ist die Republikanerin Nikki Haley nicht ausgeschieden, ebenso wenig der Demokrat Dean Phillips. Dessen Parteikollegin Marianne Williamson hatte eigentlich schon zurückgezogen und will nun doch wieder kandidieren. Selbst wenn Biden und Trump an diesem Dienstag sämtliche Delegierten gewinnen sollten, lägen beide noch unterhalb der Schwelle, die es für die Nominierung braucht. Offiziell ist ihr Duell also noch keine ausgemachte Sache.

Inoffiziell schon. Dass beide die Schwelle demnächst überschreiten, ist nur noch eine Formsache. Beide Männer haben bisher – bis auf den District of Columbia, wo Nikki Haley Erste wurde – jede Vorwahl ihrer Partei gewonnen, selbst wenn sie gar nicht auf dem Wahlzettel standen. So dürfte es auch am Super Tuesday kommen. Dann lässt sich nicht länger verdrängen, wozu die Vorwahlen geworden sind: Eine Fassade, eine Art potemkinsches Dorf der Demokratie.

Was macht das mit einer Gesellschaft, deren Vertrauen in ihre Institutionen schon jetzt auf ein bedenkliches Maß gesunken ist?

Dass Trump und Biden es werden würden, schien ausgemacht, lange bevor mit dem Iowa Caucus im Januar der allererste Stimmungstest dieses Wahljahres stattfand. Zum einen durch die Parteien. In einer Mischung aus Gehorsam, Angst, Opportunismus und Machtwillen schlossen die Republikaner einmal mehr die Reihen hinter Trump, als sich im vergangenen Jahr abzeichnete, dass nicht einmal seine Gerichtsverfahren ihn an der Basis groß Stimmen kosten würden.
Zwei der unbeliebtesten Präsidenten der US-Geschichte

Die Versuche einiger weniger, die Partei vom Trump-Kult zu lösen, scheiterten bitterlich. Haley will nicht aufgeben, aber die Großspender haben resigniert. Woran es ihr wie auch Ron DeSantis fehlte, war die öffentliche Unterstützung durch prominente Vertreter ihrer Partei. Die Demokraten wiederum kamen mit eiserner Parteidisziplin überein, dass niemand Biden herausfordern solle, sofern dieser Anspruch auf die Kandidatur erheben würde – was er vor knapp einem Jahr dann auch tat. Nur Phillips und Williamson, chancenlose Außenseiter, hielten sich nicht daran.

Die Unvermeidlichkeit des Duells Trump versus Biden lässt sich aber noch viel weiter zurückverfolgen, auf den 7. November 2020, jenem Tag, als Joe Biden zum Sieger der Präsidentschaftswahl erklärt wurde. Es ist nicht schwer, Rache als hauptsächliches, vielleicht sogar als einziges Motiv darin zu erkennen, dass Trump ihm das Amt wieder abnehmen will; ein Gefühl, das auch seine Anhänger teilen, denen er seit einiger Zeit zuruft: ""Ich bin eure Vergeltung!""

Biden tritt an, weil Trump antritt. Dabei dürften viele Emotionen eine Rolle spielen – Verantwortungsgefühl, Sorge und, ja, auch Hybris. ""There’s more to finish the job"", wie der Präsident selbst gern sagt. Er hat viel geschafft in seiner ersten Amtszeit – nicht aber das, was er sich vorgenommen hatte: Das Land moderner und gerechter zu machen und die Spaltung der Gesellschaft zu überwinden. Biden will zeigen, dass man ihn einmal mehr unterschätzt hat. Vor allem will er die monumentale Aufgabe, die USA ein zweites Mal vor Donald Trump zu retten, in niemand anderes Hände legen. Erst recht nicht in die seiner schwachen Vizepräsidentin Kamala Harris.
Haley wäre wahrscheinlich beliebter als Trump und Biden

Dabei ignoriert Biden, was die Wähler ihm seit über einem Jahr mitzuteilen versuchen. Als die ersten Gedankenspiele zur Wahl 2024 begannen, zeigten Umfragen, was sich seither unzählige Male bestätigt hat: Die Mehrheit der Demokraten hätte lieber einen anderen Kandidaten als Biden. Anfangs wollte auch nur weniger als die Hälfte der Republikaner, dass Donald Trump noch einmal antritt; inzwischen haben sich so viele von ihnen damit arrangiert, dass er auf über 70 Prozent kommt. Vor allem aber wollte und will die US-amerikanische Bevölkerung keine Wiederauflage von 2020. Sowenig es gibt, worauf sich dieses zersplitterte Land noch einigen kann, hier spricht es dieselbe klare Sprache: Noch mal Biden gegen Trump, nein danke.

Aber da sind wir nun. Zwei der unbeliebtesten Präsidenten der US-Geschichte ignorieren die Signale aus der Wählerschaft. Sie drängen sich ihr gewissermaßen auf. Der eine aus niederen Beweggründen und als eine Gefahr für die Demokratie; der andere, um ihn aufzuhalten. Ein fundamentaler Unterschied. Aber wie sehr wird dieser Unterschied am Ende ins Gewicht fallen für Millionen Menschen, die aus diesem Wahlkampf vor allem anderen den Eindruck mitnehmen, dass sie nur die Wahl zwischen zwei Negativen haben sollen? 

Es wäre zu leicht, dies einzig als einen Kampf zweier alter Männer zu sehen, die nicht loslassen können. Darunter liegt ein strukturelles Problem: Die starke Polarisierung innerhalb des Zweiparteiensystems führt dazu, dass vorrangig gegen den oder die anderen gewählt wird.

Biden und Trump haben keine Mehrheiten hinter sich, aber jeweils einen harten Kern von Unterstützern, die auch die jeweiligen Vorwahlen dominieren und ihnen so die Nominierung sichern. Das macht es anderen schwer, durchzudringen. Nikki Haley, schreibt der Wahlrechtsexperte Edward B, Foley von der Ohio State University, würde vermutlich von einer Mehrheit der Amerikaner gegenüber sowohl Biden als auch Trump bevorzugt. Aber: ""Sie ist eine Drittparteikandidatin, die in einem Zweiparteiensystem feststeckt.""

Das System, schreibt Foley, müsse dahin gehend geändert werden, dass die Mehrheit der Amerikaner den Kandidaten wählen könne, den sie am liebsten mag. Aber solche Reformen – ein Überdenken des Vorwahlprinzips, eine Abkehr vom Winner-takes-all-Prinzip bei Präsidentschaftswahlen und eine Überwindung des Zweiparteiensystems – würden Koalitionen erfordern, die durch die zunehmende Polarisierung der Gesellschaft schwer vorstellbar geworden sind. Diese Deformation haben Trump und die Republikaner über lange Zeit nach Kräften vorangetrieben, weil sie ihren Interessen dient.
Ein Sieg Trumps hätte furchtbare Konsequenzen

Eine zweite Trump-Präsidentschaft würde, so viel scheint absehbar, das politische System noch näher an den Rand der Zerstörung bringen als die erste. Nicht nur Trump selbst kokettiert mit dem Szenario einer Diktatur. Seine Berater drohen Journalisten bei unliebsamer Berichterstattung mit Strafverfolgung und den Behörden damit, ihr Personal auszutauschen. In jedem Fall würden sie entschlossener und mutmaßlich erfolgreicher als beim letzten Versuch dafür sorgen, dass Wahlen nicht zwangsläufig etwas sind, das man auch verlieren kann.

Trumps Sieg hätte also furchtbare Konsequenzen, und es ist zu hoffen, dass er nicht gewinnt. Was aber, wenn der Gewinner Joe Biden heißt?

Dessen körperliche Verfassung ist laut einem aktuellen Gutachten seiner Ärzte immer noch zufriedenstellend. Aber Biden ist 81 Jahre alt. Er stolpert, verspricht sich, er bringt Personen und Ereignisse durcheinander. Von der Vizepräsidentin bis hin zur First-Lady beteuern alle, in Meetings sei er unverändert scharfsinnig. Das Problem ist nur, dass die Öffentlichkeit diesen Biden nie zu Gesicht bekommt. Da hilft auch das Argument nicht, dass der 77-jährige Trump zuletzt noch viel bedenklichere Aussetzer zeigte.

Beobachtet man den Präsidenten in diesen Tagen, ist es schwer vorstellbar, dass er das Amt noch einmal vier Jahre ausüben wird. Und auch, wenn sich hinter ihm nun genug Wähler widerwillig einreihen sollten, die ein zweites Mal Trump verhindern wollen: Die öffentliche Debatte um sein Alter und seine Amtsfähigkeit wird mit einem Wahlsieg Bidens nicht aufhören. 61 Prozent derjenigen, die 2020 für ihn stimmen, sind laut einer aktuellen Umfrage im Auftrag der New York Times davon überzeugt, er sei zu alt, um seine Aufgaben noch effektiv zu erfüllen.
Eine Wahl, die kaum jemand will

Träte Biden während seiner zweiten Präsidentschaft zurück oder würde er amtsunfähig, käme die noch unbeliebtere Kamala Harris zum Zug. ""Eine Stimme für Biden ist eine Stimme für Harris"", damit machen die Republikaner jetzt schon Wahlkampf. Behielten sie recht, wäre das eines der größten Geschenke, die ihnen die Demokraten nur machen können. Denn die weisen ein solches Szenario bislang empört von sich. Derweil wird immer deutlicher, dass sie sich mit der Festlegung auf Biden als einzigen Kandidaten womöglich größere Schwierigkeiten eingehandelt haben, als es wohl der Fall gewesen wäre, hätten sie entgegen allen Erfahrungen und Konventionen das innerparteiliche Rennen geöffnet.

Gegenüber einer Trump-Diktatur ist eine Biden-Präsidentschaft, die zu einer Harris-Präsidentschaft werden könnte, zweifellos das kleinere Übel. Aber es unterstreicht, wie sehr im Sog des Trumpismus die Demokratie auch durch diejenigen belastet wird, die sie eigentlich bewahren wollen.

Indem die Demokraten nun einfach erwarten, dass ihre Wähler Biden trotz aller Bedenken und gegenteiligen Überzeugungen noch einmal über die Ziellinie tragen, ohne ernst zu nehmende Alternativbewerber überhaupt erwägen zu dürfen, riskieren sie den Vertrauensverlust ganzer Generationen. So nachvollziehbar es ist, dass sie in Biden ihre beste Chance sehen – oder sahen –, Trump zu verhindern: Langfristig könnte das fatal sein. Die Vorwahl in Michigan, wo 15 Prozent der Demokraten lieber ""nicht festgelegt"" als Biden ankreuzten und viele ankündigten, im November überhaupt nicht zur Wahl zu gehen, war eine Warnung.

""Damit die Demokratie fortbestehen kann, muss das demokratische System selbst die oberste Verpflichtung aller wichtigen Teilnehmer sein"", schreibt der Autor David Frum in The Atlantic. ""Die Regeln müssen wichtiger sein als die Ergebnisse."" Andernfalls steuere das System auf einen Zusammenbruch zu.

Frum bezieht sich auf die Republikaner, die über Donald Trumps antidemokratische Bestrebungen hinwegsehen. Aber es gilt für beide Parteien. Ein Zusammenbruch droht – krachend, zerstörerisch –, sollte Trump noch einmal gewählt werden. Leise und schleichend droht er aber auch, sollte es nicht auf ihn hinauslaufen. Nach einem Vorwahlkampf, der keiner war, und einer Wahl, die kaum jemand wollte.","essay",1,0,1,1,1
"10",10,"https://www.handelsblatt.com/politik/international/us-vorwahlen-was-der-super-tuesday-ueber-die-usa-verraet/100018273.html","handel",2024-03-06,"Was der Super Tuesday über die USA verrät","Über ein Dutzend US-Bundesstaaten haben Vorwahlen abgehalten. Einige Tendenzen lassen sich daraus für das Rennen ums Weiße Haus ableiten. Wo stehen Trump, Biden und Haley? Drei Erkenntnisse.","Raleigh, Washington. Alle paar Minuten brach im Ballsaal von Donald Trumps Luxusresort in Mar-a-Lago Jubel aus. In der Nacht zum Mittwoch gewann der Ex-Präsident eine republikanische Vorwahl nach der nächsten, am sogenannten Super Tuesday siegte er in 14 von 15 Bundesstaaten. Einzig im nordöstlichen Staat Vermont lag seine parteiinterne Herausforderin Nikki Haley vorn.

Damit steht Trump kurz davor, zum Präsidentschaftskandidaten seiner Partei gekürt zu werden. „DER SIEG IST UNSERE ULTIMATIVE RACHE!“ – diese Nachricht verschickte Trumps Kampagne nach Schließung der Wahllokale auf Millionen amerikanische Telefone.

Der Vorwahl-Marathon führte Biden und Trump vor Augen: Sie sind zwar alternativlos, aber relativ unbeliebt. In einigen Regionen fiel die Wahlbeteiligung niedrig aus, trotz eines Instagram-Appells von Taylor Swift
, die am Super Tuesday zum Wählen aufrief.

Was sagt der Super Tuesday über die Siegeschancen von Biden und Trump am 5. November aus? Wo wandern Haleys Stimmen nun hin? Auf welche Überraschungen muss man sich gefasst machen?
Drei Erkenntnisse aus dem Super Tuesday: 

1. Trump können jetzt nur noch zwei Probleme aufhalten

Die Erfolgsserie von Donald Trump hält an. Erst am Montag hatte das Oberste Gericht in den USA entschieden, dass der Ex-Präsident nicht von Wahlzetteln in einzelnen Bundesstaaten gestrichen werden darf. Und in fast allen Vorwahlen, wie auch der Super Tuesday zeigte, dominiert Trump die Republikaner.

Das gilt nicht nur für den Präsidentschaftsbewerber selbst, sondern auch für seine „Kopien“: Bei den Gouverneurs-Vorwahlen in North Carolina wurde Mark Robinson zum Spitzenkandidaten aufgestellt. Der schwarze Hardliner, der die gleichgeschlechtliche Ehe und Abtreibung ablehnt, wird von Trump unterstützt. Er hat geschworen, den wichtigen Swing-Staat endgültig in eine Republikaner-Hochburg verwandeln zu wollen.

Nikki Haley, Trumps letzte verbliebene Herausforderin, zieht sich nun aus dem parteiinternen Rennen um die US-Präsidentschaftskandidatur zurück und macht so den Weg frei für eine erneute Bewerbung von Donald Trump. Die 52-Jährige verkündete ihre Entscheidung am Mittwoch in ihrem Heimat-Bundesstaat South Carolina.

Zuvor hatte sie erklärt, dass sie bis zum Parteitag der Republikaner im Juli im Rennen bleiben will. Offiziell kalkulierte sie damit, dass die Delegierten, die Trump zum Spitzenkandidaten wählen sollen, doch noch von Trumps Strafprozessen abgeschreckt werden.

Mit ihrem Rückzug kommt es zu einer Neuauflage des Duells zwischen dem ehemaligen Präsidenten Trump und dem demokratischen Amtsinhaber Joe Biden. Ihr fast aussichtsloser Kampf wurde ohnehin immer schwieriger, erste Spender haben ihre finanzielle Unterstützung eingestellt.

Der Super Tuesday war der größte Rückschlag für Haley. Die Serie ihrer Niederlagen unterstreicht, dass Trump die republikanische Basis dominiert. „Ich sehe sie eher im Establishment“, erklärte der 71-jährige Republikaner Larry Jennings am Dienstag vor einem Wahllokal in North Carolina. „Trump ist glaubwürdiger, für mich ist er ein politischer Außenseiter, der für die Interessen von uns allen kämpft.“

Wahr ist aber auch: Trump hat ein „Massentauglichkeitsproblem“. 2016 gewann er die Präsidentschaftswahlen mit hauchdünnen Mehrheiten in den Swing-States, in denen mal die eine, mal die andere der beiden großen Parteien gewinnt. Doch bei den Zwischenwahlen 2018 und dem Rennen gegen Biden 2020 verlor er. „Es gibt nicht viele Anzeichen dafür, dass er ein stärkerer Kandidat als 2020 ist“, sagt Asher Hildebrand, Politikprofessor an der Duke University in North Carolina.

Warnsignale dafür fanden sich in der Super-Tuesday-Nacht. Ein robuster Teil der republikanischen Wähler stimmte für Haley, was ihr in Vermont schließlich den zweiten Vorwahl-Sieg nach einem Erfolg in der Hauptstadt Washington einbrachte. Sie punktet bei Gemäßigten, Unabhängigen, Akademikern – alles Wählergruppen, mit denen Trump Schwierigkeiten hat und deren mangelnder Enthusiasmus ihn schon 2020 die Wiederwahl kostete. Ob und wie Trump neue Wählerschichten dazugewinnen kann, das wird die Schlüsselfrage der nächsten Monate.

2. Die Demokraten stehen hinter Biden – weil sie es müssen

Wie erwartet gewann US-Präsident Joe Biden sämtliche demokratischen Vorwahlen, als Amtsinhaber gilt er als natürlicher Spitzenkandidat. Der Super Tuesday ist eine gute Erinnerung daran, dass Meinungsumfragen immer nur einen Teil des Wählerwillens widerspiegeln. Es stimmt, dass Biden ein historisch unbeliebter Präsident ist – sein hohes Alter, die US-Flüchtlingskrise und die Inflation lassen viele Wähler zweifeln.

Ausdruck dieser Zweifel ist der relativ hohe Anteil der sogenannten „Uncommitted“-Stimmen, die man vergangene Woche im Bundesstaat Michigan und am Super Tuesday auch in Minnesota beobachten konnte. Dahinter verbirgt sich eine Art stiller Protest gegen Bidens Nahostpolitik. Die Zerrissenheit der demokratischen Basis lässt sich überall beobachten.

Die meisten Anhänger der Demokraten stehen zu Biden, einfach deshalb, weil die Alternative Donald Trump wäre. „Biden ist nicht gut auf der Bühne, aber auf persönlicher Ebene vertraue ich ihm“, sagte Johnathan Smith, ein junger Vater, den man am Super Tuesday vor einem Wahllokal in North Carolina trifft. „Auf dem Spiel steht, dass Trump erneut ins Weiße Haus zieht. Wir müssen jetzt zusammenstehen.“

Doch die Studentin Annaleise Linkenhoker fasst auch die Zweifel in Worte, mit denen Biden im Land kämpft. „Bald miete ich mein erstes Apartment, und ich weiß nicht, wie ich mir das leisten soll. Die vielen frohen Botschaften aus der Wirtschaft decken sich nicht mit meiner Lebensrealität.“ Biden ist entschlossen, eine zweite Amtszeit zu absolvieren, trotz seiner 81 Jahre. Dass im November ein Teil der demokratischen Kernwähler zu Hause bleibt, gehört zu seinen größten Risiken.

Dass am Super Tuesday zum Beispiel im Bundesstaat Oklahoma Bidens Herausforderer Dean Phillips und Marianne Williamson auf Werte um jeweils neun Prozent kamen, zeigt: Gegen seine Kandidatur gibt es ein gewisses Widerstandspotenzial.

Es gab noch einige andere Warnsignale für den Präsidenten. Im Rio-Grande-Valley an der mexikanischen Grenze stimmten überdurchschnittlich viele Latinos für Trump, was zeigt, dass dieser mit seinem Fokus auf die Flüchtlingskrise einen Nerv trifft und Biden angreifbar macht. „An unseren Außengrenzen sind wir ein Dritte-Welt-Land“, rief Trump in seiner Siegesrede in Mar-a-Lago.

3. Die US-Wahlen sind noch nicht gelaufen

Die besten Umfragen und auch der Super Tuesday können eines nicht vorhersehen: Wer am Wahltag am 5. November tatsächlich auftaucht und wer nicht, sagt der Politikforscher und Statistikprofessor Lightning Czabovsky von der University of North Carolina. Während der Pandemie kam es in einigen Teilen der USA zu regelrechten Völkerwanderungen. Während manche Regionen boomen, verlieren andere Bewohner.

Das heißt: Bei den Präsidentschaftswahlen könnte es zu signifikanten Verschiebungen in wichtigen Wählergruppen kommen, was den Wahlausgang noch unberechenbarer macht. Allein in einem Swing-State wie North Carolina sind die sogenannten „unaffiliated voters“, die sich keiner Partei zugehörig fühlen, die am schnellsten wachsende Wählergruppe. Am Ende gehe es um „turnout, turnout, turnout“, um die Wahlbeteiligung, betont Czabovsky.

Das ist eine Herausforderung, mit der beide großen Parteien kämpfen, denn ein Großteil der US-Wähler ist wenig begeistert vom erneuten Duell Biden gegen Trump. Deshalb wird es zum Beispiel auch wichtig zu verfolgen, wohin Nikki Haleys Stimmen nun wandern.

„Nach den Vorwahlen wird das kein Thema mehr sein, die Flügel werden sich hinter Trump vereinen“, schrieb ein republikanischer Stratege in der Wahlnacht. Doch für den Moment denkt Trump gar nicht daran, die Haley-Wähler zu umgarnen – bei seiner Siegesrede vom Super Tuesday erwähnte er Haley kein einziges Mal, erst am Vortag beschimpfte er sie wieder als „Vogelhirn“.

Andere Strategen munkelten, dass Haley mit einer Kandidatur als unabhängige Kandidatin liebäugelt. Schließlich ist das Potenzial für Drittparteien und Einzelkämpfer in diesem Wahlkampf wohl so hoch wie noch nie. Der Super Tuesday hat gezeigt: Acht Monate vor der Wahl gibt es einige frühe Tendenzen, aber keine Sicherheit.


US-Präsident Joe Biden gewann, wie erwartet, sämtliche demokratischen Vorwahlen – mit Ausnahme des Pazifik-Territoriums Amerikanisch-Samoa

, wo sich der Unternehmer Jason Palmer durchsetzte. Die Abstimmung dort hat aber keine Konsequenzen für die Präsidentschaftswahlen.

Auch Biden hat bereits die Hauptwahlen am 5. November im Blick und sieht Trump als seinen Herausforderer. „Es geht jetzt nur noch um uns gegen die Trump-Radikalen“, warnte seine Kampagne in einer E-Mail. Haley verzichtete gleich ganz auf eine Wahlabendparty. Für sie endete der Super Tuesday in einer Serie aus Niederlagen, ihr Erfolg in Vermont war ein Ausreißer.

Das Stimmungsbild aus dem Super Tuesday ist bezeichnend für die wohl ungewöhnlichsten US-Präsidentschaftswahlen aller Zeiten. Denn das erneute Rennen zwischen Biden und Trump scheint unausweichlich.

Dabei war der Super Tuesday in der Vergangenheit ein Königsmacher: 2016 entschied er über Trumps Kandidatur für die Republikaner, 2020 über Bidens Kandidatur für die Demokraten. Dieses Mal standen die Frontmänner der Parteien so gut wie fest, sie liefen außer Konkurrenz","normal",7,3,1,1,1
"11",11,"https://www.handelsblatt.com/politik/international/vorwahlen-us-republikanerin-haley-gewinnt-erstmals-vorwahl-gegen-trump/100020403.html","handel",2024-03-04,"US-Republikanerin Haley gewinnt erstmals Vorwahl gegen Trump","Haleys Sieg ändert nichts an Trumps eindeutiger Dominanz im Rennen der US-Vorwahlen. So bleibt es weiter offen, wie lange die Republikanerin noch im Rennen bleibt.","Washington. In den US-Präsidentschaftsvorwahlen der Republikaner hat die frühere UN-Botschafterin Nikki Haley ihren ersten Sieg im Duell gegen Ex-Präsident Donald Trump eingefahren. Haley entschied die parteiinterne Abstimmung im Hauptstadtdistrikt Washington für sich, wie die Republikanische Partei in Washington am Sonntagabend (Ortszeit) nach der Abstimmung mitteilte.

Das Ergebnis ändert nichts an der eindeutigen Dominanz Trumps in dem Rennen, bricht allerdings dessen bisherige Siegesserie und beschert Haley zumindest einen symbolischen Erfolg - wenn auch nur einen kleinen. Trump hatte zuvor alle parteiinternen Vorwahlen mit Leichtigkeit gewonnen und ist auch bei den weiteren Abstimmungen der klare Favorit.

Die US-Hauptstadt ist extrem demokratisch geprägt, urban, mit hohem Bildungsgrad. Washington gilt als Hochburg des Anti-Trump-Lagers, Anhänger des Ex-Präsidenten sind hier deutlich unterrepräsentiert - daher Haleys Erfolg, der aber eben eher symbolischer Natur ist.

In der US-Hauptstadt an der Ostküste des Landes selbst leben rund 700.000 Menschen. Im Großraum Washington, also inklusive des Ballungsraumes drumherum, sind es mehrere Millionen. Nach Angaben der Republikanischen Partei wurden bei dem internen Votum in Washington nur gut 2000 Stimmen abgegeben, es gab nur ein einziges Wahllokal. Das Ergebnis hat daher begrenzte Aussagekraft.

Teilnehmen können bei den meisten der Vorwahlen in den USA nur jene, die sich für die jeweilige Partei vorab registrieren lassen. Die Wahlbeteiligung ist daher oft vergleichsweise gering. Haley holte laut Partei in der US-Hauptstadt rund 63 Prozent der Stimmen, Trump rund 33 Prozent.
Trump mit großes Vorsprung

Wer in den USA Präsidentschaftskandidat werden will, muss sich zunächst in parteiinternen Vorwahlen durchsetzen. Das Abstimmungsverfahren der Vorwahlen ist komplex und von Staat zu Staat unterschiedlich. Die beiden großen Parteien stimmen dabei jeweils über die Delegierten ab, die auf den Nominierungsparteitagen im Sommer dann ihren Kandidaten für das Weiße Haus küren. Der Nominierungsparteitag der Republikaner findet Mitte Juli in Milwaukee im Bundesstaat Wisconsin statt. Dort treffen sich 2429 Delegierte. Um zu gewinnen, muss ein Kandidat mindestens 1215 Delegierte hinter sich versammeln.

Trump hatte bei den Vorwahlen in den vergangenen Wochen und Tagen bereits 244 Delegierte für sich gewonnen, Haley dagegen nur 24. Die Stimmen werden mitunter proportional zum Abstimmungsergebnis vergeben, daher konnte Haley bereits einige Stimmen sammeln, ohne eine einzelne Vorwahl zu gewinnen. Im Hauptstadtdistrikt Washington waren lediglich 19 Delegiertenstimmen zu vergeben - Haley kommt damit nun auf 43. Das Kräfteverhältnis in dem Duell verändert sich durch den Sieg also nicht wesentlich.

Für Trump ist es aber zumindest ein Ärgernis, dass er in der Vorwahlserie nicht mehr ungeschlagen ist. Entsprechend pampig reagierte er auf Haleys Sieg. Auf der von ihm mitbegründeten Plattform Truth Social schrieb der Ex-Präsident, er habe sich „absichtlich von der Wahl in Washington ferngehalten, weil es der ‚Sumpf‛ ist, mit sehr wenigen Delegierten und keinen Vorteilen“. Haley, die er als „Spatzenhirn“ beschimpfte, habe dagegen ihre ganze Zeit, ihr Geld und ihre Bemühungen auf die Abstimmung dort verwendet.
Haleys Team spricht von historischem Ergebnis

Er selbst habe stattdessen erst am Wochenende mehrere andere Vorwahlen gewonnen, schrieb Trump weiter und sprach von einer „kompletten Zerstörung eines sehr schwachen Gegners“. Trumps Wahlkampfteam tat Haleys Erfolg als Zeichen dafür ab, dass sie lediglich beim Establishment in der Hauptstadt punkten könne, nicht aber bei den Normalbürgern.

Haleys Team dagegen sprach von einem historischen Ergebnis: Noch nie zuvor habe bei den US-Republikanern eine Frau eine Präsidentschaftsvorwahl gewonnen. Die 52-Jährige bedankte sich auf der Plattform X bei ihren Unterstützern aus Washington und schrieb: „Die Republikaner, die der Dysfunktion in Washington am nächsten stehen, wissen, dass Donald Trump in den letzten acht Jahren nichts als Chaos und Spaltung gebracht hat.“

Der 77-Jährige hat trotz diverser Skandale, Eskapaden und einer chaotischen Amtszeit als Präsident großen Rückhalt in der Parteibasis. Auch große juristische Probleme im Wahljahr - vier Anklagen in Strafverfahren und empfindliche Schadenersatzzahlungen in zwei Zivilverfahren - haben Trump bislang politisch nicht geschadet.

Offen ist, wie lange Haley noch im Rennen bleiben wird, da ihr faktisch keine Chancen mehr eingeräumt werden, Trump zu schlagen. Selbst in ihrem Heimatstaat South Carolina, wo Haley einst Gouverneurin war, hatte Trump Ende Februar mit großem Abstand gesiegt.
„Super Tuesday“ könnte Ende für Haley bringen

Unterstützer des Ex-Präsidenten appellieren schon seit Wochen an die 52-Jährige, aufzugeben und ihre Wahlkampagne zu beenden. Haley hat bislang jedoch betont, sie werde mindestens bis zum „Super Tuesday“ dabei bleiben: Dies ist der nächste große Meilenstein im Wahljahr an diesem Dienstag, wenn parallel in mehr als einem Dutzend Bundesstaaten abgestimmt wird.

Auf einen Schlag werden dabei insgesamt mehr als ein Drittel aller Delegiertenstimmen für den Nominierungsparteitag der Republikaner vergeben. Umfragen sagen in den „Super Tuesday“-Staaten einen Sieg nach dem anderen für Trump voraus. Es könnte durchaus sein, dass Haley danach hinwirft.

Die eigentliche Präsidentenwahl steht schließlich am 5. November an. Für die Demokraten möchte der Amtsinhaber Joe Biden ein weiteres Mal Amtszeit kandidieren. Er hat in dem internen Rennen seiner Partei keine ernstzunehmende Konkurrenz. Derzeit deutet also alles darauf hin, dass am Ende erneut Biden und Trump gegeneinander antreten dürften.","agentur",1,1,1,1,1
"12",12,"https://www.handelsblatt.com/politik/international/us-wahl-trump-gewinnt-vorwahl-im-us-bundesstaat-michigan/100019025.html","handel",2024-02-28,"Trump gewinnt Vorwahl im US-Bundesstaat Michigan","Wie erwartet hat Donald Trump die Vorwahl zur Präsidentschaftskandidatur der Republikaner im Bundesstaat Michigan gewonnen. Konkurrentin Nikki Haley werden kaum noch Chancen eingeräumt","Lansing/Washington. Der frühere US-Präsident Donald Trump hat die Vorwahl zur Präsidentschaftskandidatur der Republikaner im Bundesstaat Michigan wie erwartet gewonnen. Das berichteten die US-Sender CNN und NBC am Dienstagabend (Ortszeit) unter Berufung auf eigene Prognosen. Trumps Konkurrentin Nikki Haley fuhr demnach wie erwartet eine deutliche Niederlage ein – die beiden lagen nach Auszählung von rund 10 Prozent der Stimmen gut 30 Prozentpunkte auseinander.

Trump und Haley hatten sich in dem nördlichen Bundesstaat mit rund zehn Millionen Einwohnern ein weiteres Duell um die Nominierung ihrer Partei für die Präsidentenwahl am 5. November geliefert. Wer in den USA Präsidentschaftskandidat werden will, muss sich zunächst in parteiinternen Vorwahlen durchsetzen. Bei Parteitagen im Sommer werden die Kandidaten dann offiziell gekürt. Der Nominierungsparteitag der Republikaner findet Mitte Juli statt. 

Haley hatte bereits bei den Vorwahlen in Iowa, New Hampshire und am vergangenen Wochenende in South Carolina gegen Trump verloren. Die 52-Jährige gilt als politisch und rhetorisch etwas gemäßigter als ihr Konkurrent. Offen ist, wie lange sie noch im Rennen um die Kandidatur bleiben wird, da ihr faktisch keine Chancen mehr eingeräumt werden, Trump zu schlagen. Der 77-Jährige hat großen Rückhalt in der Parteibasis. 

Auch US-Präsident Joe Biden gewann die Vorwahl der Demokraten in Michigan den Prognosen der US-Sender zufolge erwartungsgemäß. Der Demokrat hat in seiner Partei keine ernst zu nehmende Konkurrenz im Rennen um die Präsidentschaftskandidatur. Prognosen zufolge stimmten aber viele Wählerinnen und Wähler mit „unentschieden“. Wie hoch die Zahl tatsächlich ist, wird sich erst zeigen, wenn mehr Stimmen ausgezählt sind. In Michigan leben viele Muslime, die mit Bidens Unterstützung für Israel im Gaza-Krieg nicht einverstanden sind und daher als Protestwähler gegen ihn gestimmt haben könnten.

Michigan gilt als sogenannter Swing State, der weder Demokraten noch Republikanern fest zugerechnet werden kann.","agentur",1,0,1,1,1
"13",13,"https://www.tagesschau.de/ausland/amerika/usa-biden-trump-kandidatur-100.html","tages",2024-03-12,"Wahlkampfdämmerung","US-Präsident Biden und sein Herausforderer Trump sind noch nicht als Kandidaten ihrer Parteien nominiert, da gehen beide in den eigentlichen Wahlkampf über. Sie scheuen weder millionenteure Werbespots, noch bissige Zuspitzungen.","Donald Trump ist sehr zufrieden mit sich. Am Dienstag vergangener Woche - dem Super Tuesday - gewann er in 14 von 15 Staaten. Und nun sei er kurz davor, sich offiziell die Nominierung zu sichern, rief er am Samstag in Georgia. 

Trump hat bereits 1.060 Delegiertenstimmen für den Parteitag im Sommer gesammelt, weitere 160 kann er jetzt in Georgia, Mississippi, Hawaii und in Washington State holen - und dann hätte er tatsächlich die Mehrheit sicher. Nachdem seine Konkurrentin Nikki Haley vorige Woche ihre Kampagne beendet hat, ist niemand übrig, der Trump den Sieg streitig machen könnte. 
30 Millionen Dollar teurer Werbespot

Auch Joe Biden könnte heute den Sack zumachen. Auch er war am Samstag in Georgia unterwegs, dem Bundesstaat, den er 2020 mit weniger als 12.000 Stimmen Vorsprung gewonnen hatte. ""Das machen wir nochmal"", umwarb er seine Fans. ""Erst gewinnt ihr die Vorwahlen für mich am Dienstag, dann gewinne ich im November.""

Biden hat aber noch eine chancenlose Gegenkandidatin, die Autorin Marianne Williamson. Und er muss wieder mit Protestwählern rechnen, vor allem jungen Leuten, die ihm seine Unterstützung für Israel vorwerfen. An sie und speziell an schwarze Wählerinnen und Wähler richtet sich ein 30 Millionen Dollar teurer Werbespot, mit dem Biden nun in den Wahlkampf startet.  

 Er sei kein junger Kerl, das sei kein Geheimnis, sagt Biden darin, aber er verstehe, wie man etwas für das amerikanische Volk erreiche. Biden wirft Trump in dem Spot vor, in vier Jahren nichts geschafft zu haben und er verspricht, das Recht auf Abtreibung wieder herzustellen.

Ausgestrahlt wird der Spot in Staaten wie Georgia, Michigan und Arizona, wo die Wahl in die eine oder andere Richtung ausgehen könnte. Und er ist der erste Spot einer Wahlkampagne, die nach Schätzungen von US-Medien eine Milliarde Dollar kosten könnte. 

Spott und Verdächtigungen von Trump

Auch aus Trumps Lager kommen neue Spots. Sie zielen auf Bidens Alter und auf das Thema Einwanderung. Es sind zwei Themen, die Trump auch bei seinen Rallys verlässlich viel Applaus bringen. Zum Beispiel, wenn er - wie am Samstag - Biden als stotternden Tattergreis verspottet.

Außerdem versucht Trump, Biden die Schuld am Tod einer jungen Frau aus Georgia zuzuschieben, Laken Riley, die von einem offenbar illegal eingewanderten Mann getötet worden war. Biden habe nicht die Absicht, die ""tödliche Invasion"" zu stoppen, ""die Lakens wunderschönes amerikanisches Leben"" gestohlen habe, behauptet Trump.

Persönliche Angriffe und emotionale Zuspitzung

Beide werfen sich gegenseitig vor, die Demokratie zu gefährden. Trump behauptet, Biden instrumentalisiere die Justiz. Und Biden verweist auf Trumps autoritäre Freunde wie den ungarischen Regierungschef Viktor Orban, der behaupte, Demokratie funktioniere nicht.

Persönliche Angriffe und die emotionale Zuspitzung schwieriger Themen, die Amerika bewegen: Das ist ein Vorgeschmack auf den Wahlkampf der nächsten Monate.","normal",1,0,0,1,1
"14",14,"https://www.tagesschau.de/ausland/amerika/haley-vorwahlen-100.html","tages",2024-03-06,"Warum Haley (noch) weitermacht","Nikki Haleys Kampf um die Präsidentschaftskandidatur ist praktisch gescheitert - sie hat so gut wie keine Aussichten mehr, genügend Delegiertenstimmen zu gewinnen. Und doch macht sie weiter. Das hat drei Gründe.","Nikki Haley könnte jetzt aufgeben. In 24 Bundesstaaten hat ihre Partei bislang Vorwahlen abgehalten, darunter die bevölkerungsreichen Staaten Kalifornien und Texas - und Haley liegt bei den Delegiertenstimmen nahezu aussichtslos hinter Trump zurück. Am Ende des ""Super Tuesday"" kommt sie auf karge 86, das ist nicht einmal ein Zehntel der Delegierten, die Donald Trump auf sich vereinigen kann.

Und sollte Haley gehofft haben, an diesem so symbolträchtigen Wahltag an den Erfolg in Washington D.C. vom Wochenende anknüpfen zu können, sah sie sich umso mehr enttäuscht. Zwar gewann sie im Bundesstaat Vermont - der aber gehört nun mal zu den kleinsten Bundestaaten mit vergleichsweise wenig, dafür aber relativ viele gut ausgebildete Einwohner. Auf diese Gruppe hatte vor allem im deutlich größeren Bundesstaat Virginia gehofft, wo sie zwar auch auf rund 34 Prozent der Stimmen kam, aber dennoch Trump unterlag.

Und dennoch: Von Rückzugsgedanken war in der Wahlnacht nichts zu vernehmen. Im Unterschied zu ihren vielen längst ausgeschiedenen Konkurrenten wie Floridas Gouverneur Ron DeSantis macht Haley immer weiter. Und dafür hat sie ihre Gründe.

Die Hoffnung

Wäre Donald Trump ein normaler Kandidat, wäre die Sache für Nikki Haley gelaufen. Aber Trump ist in jeder Hinsicht kein normaler Kandidat. Trump kämpft unter dem Vorzeichen zahlreicher Anklagen und anstehender Prozesse. Sie werden seinen Terminplan mindestens bis zur Wahl formen, sie werden weiter enorme Summen für Anwälte verschlingen - und sie könnten ihn am Ende doch die Kandidatur kosten. Zwar ist nicht absehbar, ob es bis zum Wahltag im November zu einem Urteil kommt, zum Beispiel im Verfahren um Trumps Umgang mit sensiblen Regierungsdokumenten nach seinem Auszug aus dem Weißen Haus 2021 oder in einem der Prozesse zum Kampf Trumpfs gegen die Anerkennung des Wahlergebnisses von 2020.

Sollte es aber doch zu einer Verurteilung kommen, dürfte dies Trump massiv schaden und seine Wahlaussichten mindestens deutlich schmälern oder ihn gar die Kandidatur kosten. Für diesen Fall hält sich Haley bereit. Das tun ihre ausgeschiedenen Konkurrenten wie DeSantis auch - sie haben ihre Kandidatur nur ""unterbrochen"". Das gibt ihnen die Möglichkeit, sie im Falle eines Rückzugs Trumps zu reaktivieren. Und so wird es auch Haley halten, sollte sie in den kommenden Tagen doch aufgeben. Aber sie ist so oder so diejenige Kandidatin, die am längsten gegen Trump durchgehalten, ihn am deutlichsten kritisiert und sich am stärksten als innerparteiliche Alternative profiliert hat - und damit auch konservative Demokraten ansprechen kann, die unzufrieden mit der Kandidatur Joe Bidens sind.

Ob ihr das hilft, wenn die Partei nach einem Ersatz für Trump sucht, steht auf einem anderen Blatt. Denn Trumps hartleibige Anhänger werden Haleys Kritik an ihrem Idol nicht vergessen. Ob aber ein anderer Bewerber wie DeSantis das Lager von Trump geschlossen hinter sich versammeln kann, ist ebenso wenig ausgemacht.

Das Geld

Haley konnte auch deshalb bislang durchhalten, weil sie die Unterstützung von Großspendern wie dem Milliardär Charles Koch genoss. Auch das ermöglichte ihr, länger durchzuhalten als andere Bewerber, die schon früh in finanzielle Schwierigkeiten kamen und erst Personal entlassen und dann aufgeben mussten.

Kochs Lobbygruppe allerdings teilte Ende Februar nach Haleys deutlicher Niederlage im Heimatstaat South Carolina mit, sie werde Haley nicht weiter sponsern, weil die Kandidatur keinen Aussicht auf Erfolg mehr habe. Das macht die Sache für Haley gewiss nicht leichter. Andererseits war nach eigenen Angaben der Februar in punkto Einnahmen einer der erfolgreichsten bislang - sie habe in dieser Zeit zwölf Millionen Dollar an Spenden erhalten, teilte ihr Team mit. Noch ertragreicher war bislang nur der Januar, als ihr Team 16 Millionen Dollar an Zuwendungen verzeichnete.

Wie lange das Polster noch hält, ist unklar. Aber der Februar hat auch gezeigt, dass viele Großspender ihre Kampagne ungeachtet ihrer Erfolgsaussichten unterstützen - weil sie sich gegen die Übernahme der Republikaner durch Trump wehren. Sie sehen in Haley ein Bollwerk dagegen und loben sie als wichtigste Vertreterin des sogenannten ""Reagan-Flügels"" der Partei. Das hebt auf ihre sehr konservativen Ansichten ab, die aber einhergehen mit Erfahrung, Verlässlichkeit, Achtung für demokratische Spielregeln und der Überzeugung, dass die USA mehr denn je eine internationale Verantwortung haben.

Die Überzeugung

Einige Jahre gehörte Nikki Haley zum Team Trump. Er machte die damalige Gouverneurin von South Carolina zur UN-Botschafterin, wo sie sich sich bald Respekt erwarb - allerdings auch in Abgrenzung zu Positionen Trumps. Über ihre politische Nähe und Distanz und über politische Ambitionen wurde seitdem immer wieder spekuliert, zumal Haley ihr Amt schon nach rund zwei Jahren wieder aufgab.

Dass sie selbst einmal gegen Trump antreten würde, wies sie noch 2021 weit von sich. Als sie Anfang 2023 doch ihre Kandidatur ankündigte, begründete sie damit, dass ihre Partei in sieben der acht vergangenen Präsidentschaftswahlen weniger Stimmen als die Demokraten geholt hätte - und das es Zeit für einen Generationenwechsel sei mit dem Ziel, zu traditionellen republikanischen Werten zurückzukehren.

Diese Mischung, die Kritik an dem Alter der Kandidaten Biden und Trump und an Trumps erratischem Handeln hat sie seither zugespitzt. Damit unterschied sie sich klar von anderen Kandidaten der Republikaner, die mehrheitlich eine Konfrontation mit Trump scheuten und nach ihrem Scheitern reumütig in sein Lager zurückkehrten. An dieser Linie hielt Haley auch fest, obwohl sie in Meinungsumfragen und bei ersten Vorwahlen nie auch nur in die Nähe von Trumps Ergebnissen kam. Mut dürfte ihr dabei gemacht haben, dass sie in einigen Meinungsumfragen als diejenige Kandidatin hervorging, die die größten Chancen hätte, Biden zu schlagen. Wahlanalysen zeigen zudem, dass sie in Städten - zumal solchen mit Hochschulen - und in den Vorstädten vergleichsweise stark abschneidet. Unter Trump tun sich die Republikaner dagegen gerade in diesen Regionen schwer.

Sie sei ""eine Frau, die Wort hält"", erklärte sie nach ihrer Niederlage in South Carolina. Man darf also davon ausgehen, dass es Nikki Haley ernst ist mit dem Kampf um eine andere Ausrichtung ihrer Partei. Ihre Position als klarste Alternative zu Trump mit unbestritten erzkonservativer Ausrichtung wird sie deshalb so lange verteidigen und ausfüllen, wie es ihr auch finanziell möglich ist.

","normal",1,1,0,0,0
"15",15,"https://www.tagesschau.de/ausland/amerika/biden-usa-vorwahlen-100.html","tages",2024-02-27,"""Lasst Biden fallen!""","Für US-Präsident Biden sollten die heutigen Michigan-Vorwahlen eine Formsache sein. Doch die Stimmung ist schlecht. Dort leben Hunderttausende Muslime und arabischstämmige Amerikaner. Und sie hadern mit ihm.","Anfang Februar in Michigan. Präsident Biden lässt sich bei der mächtigen Gewerkschaft der Automobilarbeiter feiern, der UAW, die ihn im Wahlkampf unterstützen wird. Der Präsident fühlt sich wohl. Das ist auf den Fernsehbildern gut zu erkennen.  

Draußen vor dem Werk ist die Stimmung unfreundlicher, auch das zeigen die Kameras. Es wehen palästinensische Fahnen, Sprechchöre fordern einen Waffenstillstand in Gaza, und auf einem großen Plakat steht: ""Die Arbeiterklasse sagt: Auf keinen Fall Genozid Joe!""

""Sie sind in Michigan nicht willkommen""

Bidens Terminplan sieht an diesem Tag nicht vor, mit denen ins Gespräch zu kommen, die hinter diesen Protesten stehen, also mit Vertretern der Muslime und der arabisch-amerikanischen Bevölkerung in Michigan. Stattdessen schickt er eine Woche später Mitarbeiter seines Wahlkampfteams vorbei. Das kommt nicht gut an. Biden, so der Eindruck, braucht die Stimmen der Muslime, aber er interessiert sich nicht für sie.

""Ich will nur sagen: Mr. Biden, Sie sind in Michigan absolut nicht willkommen. Unser Vertrauen ist erschüttert. Wir fühlen uns betrogen und unseres hart verdienten Geldes beraubt, das Sie Israel zur Verfügung gestellt haben und damit unschuldigen Menschen Schaden zugefügt haben"", sagt Farah Khan von der Kampagne ""Abandon Biden"", also ""Lasst Biden fallen"", in einer Pressekonferenz. 

Seit Monaten wächst der Unmut

Jahrzehntelang haben die Muslime und arabisch-stämmigen Amerikaner in Städten wie Detroit und Dearborn mehrheitlich demokratisch gewählt. Doch seit Monaten wächst der Unmut. Die Auseinandersetzungen in Israel und Gaza betreffen viele von ihnen persönlich.

Der grausame Überfall der Hamas Anfang Oktober hat in ihrer Wahrnehmung eine lange Vorgeschichte, und die israelische Vergeltung im Gazastreifen empfinden sie als Völkermord. Dearborns Bürgermeister Abdullah Hammoud, ein Muslim und Demokrat, gehört zu denen, die einen Waffenstillstand fordern. ""Den Völkermord sofort zu beenden, ist der erste Schritt. Aber dann brauchen wir eine gerechte Lösung für das palästinensische Volk, das seine Menschlichkeit anerkennt"", sagt er.
Bidens Unterstützer sind nervös

Dass Joe Bidens Regierung nun schon mehrfach eine Resolution im UN-Sicherheitsrat blockiert hat und weiter Geld und Waffen nach Israel schicken will, das bringt viele auf. Bürgermeister, Stadträte und Abgeordnete des Landesparlamentes haben bei der Initiative ""Hört auf Michigan"" unterschrieben. Sie wollen heute bei der Vorwahl aus Protest das Feld ""uncomitted"", also Enthaltung, ankreuzen. Und sie hoffen, dass viele Wählerinnen und Wähler sich anschließen. Das macht Bidens Unterstützer, wie etwa Gouverneurin Gretchen Whitmer, nervös.

Sie wisse ehrlich nicht, was heute, am Dienstag, passieren werde, sagte Whitmer bei CNN. Sie sieht den Schmerz in vielen Communities ihres Bundesstaates, auch zum Beispiel in den jüdischen Gemeinden. Aber ""jede Stimme, die nicht an Biden geht, unterstützt eine zweite Amtszeit von Trump"", sagt sie. Und die wäre verheerend, nicht nur für Grundrechte und Demokratie, sondern auch für die Außenpolitik.

In Michigan sind 200.000 Muslime als Wähler registriert. Vor vier Jahren hat Joe Biden mit nur 150.000 Stimmen Vorsprung vor Donald Trump gewonnen. Das heißt: Die Stimme dieser Wählergruppe hat Gewicht. Und Michigan hat Gewicht. Hier haben die Mehrheiten oft gewechselt und waren oft knapp. Wenn Michigan für die Demokraten verloren geht, dann heißt der nächste Präsident wahrscheinlich Trump.","normal",1,1,2,1,2
